{"id_modeling": "62e46782-8f32-488e-9fec-19923681d8ea", "datetime": "2022-05-26 21:04:41", "id_data": "04a4d619-00cc-4484-a724-e27e2161c91d", "clf_name": "RandomForestClassificationModel", "clf_params": {"numTrees": 60, "maxDepth": 10, "subsamplingRate": 0.5}, "overfitting_analysis_df": {"log_loss_train": {"0": 1.0289498793936394, "1": 1.0289192636742592, "2": 1.029039202356174, "3": 1.0165375314934966, "4": 1.0169294235105861, "5": 1.0171044469603718, "6": 1.004044749919806, "7": 1.0041550875140361, "8": 1.004167275084551, "9": 0.9820287684410054, "10": 0.9814375981018755, "11": 0.9808735788206759, "12": 1.0284655417245905, "13": 1.028587792971614, "14": 1.0288312639887258, "15": 1.016157837577096, "16": 1.0165001762899366, "17": 1.0166760150463776, "18": 1.0037938780444313, "19": 1.0038618629501914, "20": 1.003897054915027, "21": 0.9815493480211721, "22": 0.9810001156923397, "23": 0.9804880890456896}, "log_loss_cv": {"0": 1.029671865533276, "1": 1.0294684017255, "2": 1.029707902052032, "3": 1.0189359845408137, "4": 1.0192910845732122, "5": 1.019412508675732, "6": 1.0138313680890945, "7": 1.0139887745257987, "8": 1.0139730407142333, "9": 1.0130985988040222, "10": 1.0134130366412084, "11": 1.0130422531172036, "12": 1.0291547302583415, "13": 1.0291895921873027, "14": 1.0294758914876956, "15": 1.0185218793601085, "16": 1.0187663743489488, "17": 1.0189702608449216, "18": 1.0136178714091924, "19": 1.0136618676009332, "20": 1.0136979305909752, "21": 1.0125944548795565, "22": 1.0127459845576197, "23": 1.012636736911061}, "numTrees": {"0": 40, "1": 40, "2": 40, "3": 40, "4": 40, "5": 40, "6": 40, "7": 40, "8": 40, "9": 40, "10": 40, "11": 40, "12": 60, "13": 60, "14": 60, "15": 60, "16": 60, "17": 60, "18": 60, "19": 60, "20": 60, "21": 60, "22": 60, "23": 60}, "maxDepth": {"0": 4, "1": 4, "2": 4, "3": 6, "4": 6, "5": 6, "6": 8, "7": 8, "8": 8, "9": 10, "10": 10, "11": 10, "12": 4, "13": 4, "14": 4, "15": 6, "16": 6, "17": 6, "18": 8, "19": 8, "20": 8, "21": 10, "22": 10, "23": 10}, "subsamplingRate": {"0": 0.5, "1": 0.6, "2": 0.7, "3": 0.5, "4": 0.6, "5": 0.7, "6": 0.5, "7": 0.6, "8": 0.7, "9": 0.5, "10": 0.6, "11": 0.7, "12": 0.5, "13": 0.6, "14": 0.7, "15": 0.5, "16": 0.6, "17": 0.7, "18": 0.5, "19": 0.6, "20": 0.7, "21": 0.5, "22": 0.6, "23": 0.7}}, "best_score_cv": 1.0125944548795565, "best_score_cv_train": 0.9815493480211721, "feature_importances": {"importance": {"home_mood_diff": 0.358401180315604, "home_history_mood_mean": 0.12520308110765574, "away_history_mood_mean": 0.1251293907105853, "home_factor": 0.11137018002049048, "draw_factor": 0.10859274985467722, "away_result_history_mean": 0.08729028710985871, "home_result_history_mean": 0.08401313088112852}}, "pipeline_train_stages": ["VectorAssembler", "StringIndexerModel"], "n_fold": 10, "grid_search_time": 1000.070954}