{"id_modeling": "b261bebf-e056-4c9f-b40e-b5b019613c2b", "datetime": "2022-05-27 05:02:13", "id_data": "04a4d619-00cc-4484-a724-e27e2161c91d", "clf_name": "RandomForestClassificationModel", "clf_params": {"numTrees": 60, "maxDepth": 10, "subsamplingRate": 0.7}, "overfitting_analysis_df": {"log_loss_train": {"0": 1.0512803592926954, "1": 1.0514039689090589, "2": 1.0514694413240537, "3": 1.0408832734804865, "4": 1.040990292727844, "5": 1.0410096170288914, "6": 1.0277318495463548, "7": 1.027641324530503, "8": 1.0276015807730832, "9": 1.0016447338242558, "10": 1.0007378339467246, "11": 0.9998489654515496, "12": 1.0509008439889873, "13": 1.050916272978858, "14": 1.0512445543935165, "15": 1.0407136503641365, "16": 1.0408426502049526, "17": 1.0410581521918618, "18": 1.0273878001986347, "19": 1.0273642716192337, "20": 1.0274210494883556, "21": 1.0012069861105692, "22": 0.9999185256415466, "23": 0.999287360881555}, "log_loss_cv": {"0": 1.0511313207430473, "1": 1.0512827986738742, "2": 1.0513602179479296, "3": 1.04098499956222, "4": 1.0409934679261854, "5": 1.0411995876762712, "6": 1.028136229719053, "7": 1.0279131324649269, "8": 1.0279544377481074, "9": 1.0025029719528675, "10": 1.0016296328054262, "11": 1.0004823636309348, "12": 1.0508849891019825, "13": 1.0509742868901502, "14": 1.0512410067905822, "15": 1.04095885312389, "16": 1.0411106583017231, "17": 1.0412152116764977, "18": 1.028009338889997, "19": 1.02776981752731, "20": 1.027774131294435, "21": 1.0018524590779592, "22": 1.0006899428888072, "23": 1.0001707447199508}, "numTrees": {"0": 40, "1": 40, "2": 40, "3": 40, "4": 40, "5": 40, "6": 40, "7": 40, "8": 40, "9": 40, "10": 40, "11": 40, "12": 60, "13": 60, "14": 60, "15": 60, "16": 60, "17": 60, "18": 60, "19": 60, "20": 60, "21": 60, "22": 60, "23": 60}, "maxDepth": {"0": 4, "1": 4, "2": 4, "3": 6, "4": 6, "5": 6, "6": 8, "7": 8, "8": 8, "9": 10, "10": 10, "11": 10, "12": 4, "13": 4, "14": 4, "15": 6, "16": 6, "17": 6, "18": 8, "19": 8, "20": 8, "21": 10, "22": 10, "23": 10}, "subsamplingRate": {"0": 0.5, "1": 0.6, "2": 0.7, "3": 0.5, "4": 0.6, "5": 0.7, "6": 0.5, "7": 0.6, "8": 0.7, "9": 0.5, "10": 0.6, "11": 0.7, "12": 0.5, "13": 0.6, "14": 0.7, "15": 0.5, "16": 0.6, "17": 0.7, "18": 0.5, "19": 0.6, "20": 0.7, "21": 0.5, "22": 0.6, "23": 0.7}}, "best_score_cv": 1.0001707447199508, "best_score_cv_train": 0.999287360881555, "feature_importances": {"importance": {"home_mood_diff": 0.3193450089711512, "draw_factor": 0.13722708050192198, "away_history_mood_mean": 0.12164719199243129, "home_history_mood_mean": 0.11971051897321222, "home_factor": 0.11804727371059358, "home_result_history_mean": 0.09349281347932611, "away_result_history_mean": 0.09053011237136355}}, "pipeline_train_stages": ["UndersamplingTransformer", "VectorAssembler", "StringIndexerModel"], "n_fold": 10, "grid_search_time": 14931.979286}